{
  "book": [
    {
      "id": 1,
      "title": "Demons",
      "author": "Dan brown",
      "genre": "Mystic",
      "img": "book1.jpg",
      "details": "Best selling book of year 2012",
      "price": 400
    },
    {
      "title": "Fast and the furious 5",
      "author": "meghan roy",
      "genre": "Science Fiction",
      "details": "tokyo drift",
      "img": "book1.jpg",
      "price": "120",
      "id": 2
    },
    {
      "title": "Shubham",
      "author": "Shubham",
      "genre": "Drama",
      "details": "",
      "img": "book1.jpg",
      "price": "4",
      "id": 3
    },
    {
      "title": "shaa",
      "author": "Ahs",
      "genre": "Science",
      "details": "aa",
      "img": "book1.jpg",
      "price": "3",
      "id": 4
    },
    {
      "title": "shaaaaaa",
      "author": "Ahsaaa",
      "genre": "Drama",
      "details": "aaaaa",
      "img": "book1.jpg",
      "price": "3",
      "id": 5
    },
    {
      "title": "lal kurta",
      "author": "Yajat",
      "genre": "Thriller",
      "details": "",
      "img": "book1.jpg",
      "price": "101",
      "id": 6
    },
    {
      "title": "shubahm",
      "author": "shs",
      "genre": "Science Fiction",
      "details": "shubsa",
      "img": "book1.jpg",
      "price": "2",
      "id": 7
    }
  ]
}